{"accuracy": 0.9274363651984956, "loss": 0.06391933131227702, "_timestamp": 1723019813.6516347, "_runtime": 8.427472591400146, "_step": 53, "_wandb": {"runtime": 7}}