{"accuracy": 0.9883780991735537, "loss": 0.05156803842815864, "_timestamp": 1723020233.0647094, "_runtime": 9.091293334960938, "_step": 59, "_wandb": {"runtime": 8}}