{"accuracy": 0.987345041322314, "loss": 0.034888065664226586, "_timestamp": 1723020374.729416, "_runtime": 11.966900825500488, "_step": 19, "_wandb": {"runtime": 7}}