{"accuracy": 0.9414988151658767, "loss": 0.1679176233048988, "_timestamp": 1723109887.2477124, "_runtime": 8.255914449691772, "_step": 19, "_wandb": {"runtime": 7}}