{"acc": 0.9423503780413931, "loss": 0.044450012209856345, "_timestamp": 1722600333.6517625, "_runtime": 5.129237413406372, "_step": 7, "_wandb": {"runtime": 4}}