{"acc": 0.9411405776670628, "loss": 0.1014463723191321, "_timestamp": 1722600343.1343908, "_runtime": 5.315575838088989, "_step": 7, "_wandb": {"runtime": 4}}