{"accuracy": [0.9855371900826446, 0.9857954545454546, 0.9886363636363636, 0.987603305785124, 0.989051832554797, 0.9875022457779375, 0.9852789256198347, 0.9846613366870284, 0.9880187747035574, 0.984245867768595, 0.9857954545454546, 0.9863119834710744, 0.986210923463888, 0.9851778656126482, 0.9878615702479339, 0.9852789256198347, 0.987603305785124, 0.9894111570247934, 0.9875022457779375, 0.9883780991735537], "loss": [0.05221118078915131, 0.041330229608252576, 0.03665573842121646, 0.04304474321994228, 0.04516699718478476, 0.0402562097202643, 0.047596632720530226, 0.049113080868882816, 0.04269401884828932, 0.050025132257435545, 0.045700151404432766, 0.05075423264960674, 0.04952310311561204, 0.04707260975964879, 0.04735265072656696, 0.05264549797459401, 0.047469124772971015, 0.044991675951873616, 0.054540893517959606, 0.05156803842815864], "_timestamp": 1723019210.4631767, "_runtime": 10.05406665802002, "_step": 2, "_wandb": {"runtime": 9}}