{"accuracy": 0.9888946280991735, "loss": 0.03562548942022095, "_timestamp": 1723020410.9008248, "_runtime": 8.106371879577637, "_step": 19, "_wandb": {"runtime": 7}}