{"accuracy": 0.9883780991735537, "loss": 0.05156803842815864, "_timestamp": 1723020450.922432, "_runtime": 8.173982858657837, "_step": 19, "_wandb": {"runtime": 7}}