{"accuracy": 0.9883780991735537, "loss": 0.05156803842815864, "_timestamp": 1723019871.765027, "_runtime": 8.530359029769897, "_step": 59, "_wandb": {"runtime": 7}}