{"acc": 0.8855307298635257, "loss": 0.13777329797292892, "_timestamp": 1722600361.9868264, "_runtime": 5.219513416290283, "_step": 7, "_wandb": {"runtime": 4}}