{"accuracy": [0.984504132231405, 0.9810456342076895, 0.9839876033057852, 0.9826962809917356, 0.984504132231405, 0.9794960474308301, 0.9832128099173554, 0.984504132231405, 0.9797543118936399, 0.9818204275961193, 0.9846613366870284, 0.982853485447359, 0.9821797520661157, 0.9857954545454546, 0.9826962809917356, 0.9860537190082644, 0.9855371900826446, 0.9821797520661157, 0.9801136363636364, 0.9841448077614086], "loss": [0.05688443717720903, 0.05765985672541101, 0.059003237122573604, 0.06549270180818165, 0.05665292239536037, 0.07326099122701259, 0.058024455167168906, 0.06564867523718194, 0.06876371280349837, 0.06504835776695096, 0.05356324089773784, 0.056008789547880695, 0.06139310974373255, 0.0447745629014305, 0.06146291042591468, 0.05609022410058699, 0.05567265634953183, 0.06688935186690843, 0.06795848919191035, 0.05888520543233103], "_timestamp": 1722618718.2568836, "_runtime": 18143.160324573517, "_step": 18, "_wandb": {"runtime": 18142}}