{"accuracy": [0.9813038986704995, 0.9896694214876033, 0.9894111570247934, 0.9868285123966942, 0.9886363636363636, 0.9891528925619835, 0.984504132231405, 0.9899276859504132, 0.9888946280991735, 0.9881198347107438, 0.9852789256198347, 0.9881198347107438, 0.9885353036291772, 0.987603305785124, 0.9878615702479339, 0.9878615702479339, 0.9912190082644629, 0.9878615702479339, 0.986210923463888, 0.9888946280991735], "loss": [0.061218845765760616, 0.030468466461487962, 0.03458851093088646, 0.041391140004920134, 0.03708490536861845, 0.04509957781762247, 0.04724444610149453, 0.03809028727720176, 0.03508559121224261, 0.04012775318383206, 0.047770242883115696, 0.045925701681783324, 0.04210829851662544, 0.04461451112007682, 0.04535858482923378, 0.04752964473586007, 0.04066680911240506, 0.048107492674187013, 0.04161305326984306, 0.03562548942022095], "_timestamp": 1722932630.2638893, "_runtime": 5.1462414264678955, "_step": 37, "_wandb": {"runtime": 4}}