{"accuracy": 0.939425355450237, "loss": 0.21831877299907762, "_timestamp": 1723109836.9775307, "_runtime": 8.83256483078003, "_step": 19, "_wandb": {"runtime": 8}}