{"acc": 0.9264548949791495, "loss": 0.024248833937225385, "_timestamp": 1722600352.5058546, "_runtime": 5.256121635437012, "_step": 7, "_wandb": {"runtime": 4}}