{"accuracy": 0.9883780991735537, "loss": 0.05156803842815864, "_timestamp": 1723019448.236326, "_runtime": 8.478883981704712, "_step": 59, "_wandb": {"runtime": 7}}