{"acc": 0.8079236682511797, "loss": 0.19252608278096156, "_timestamp": 1722600323.0855763, "_runtime": 4.2160491943359375, "_step": 7, "_wandb": {"runtime": 4}}