{"accuracy": 0.858412743768112, "loss": 0.09855821763944118, "_timestamp": 1723019685.5303726, "_runtime": 8.332717657089233, "_step": 53, "_wandb": {"runtime": 7}}