{"accuracy": 0.9401658767772512, "loss": 0.17158770393933306, "_timestamp": 1723109764.589322, "_runtime": 8.021929025650024, "_step": 19, "_wandb": {"runtime": 7}}